project_id,status,official_rows,geocoded_rows,latitude,longitude,detail
BR-MO/2017/22059,GEOCODE_FAILED,3,0,,,
BR-MO/2017/24065,GEOCODE_FAILED,10,0,,,
BR-MO/2017/26080,NO_OFFICIAL_LOCATION,0,0,,,
BR-MO/2017/28082,GEOCODE_FAILED,10,0,,,
BR-MO/2017/30088,GEOCODE_FAILED,10,0,,,
BR-MO/2017/30090,DRY_RUN_RESOLVED,6,1,21.1885735990453,83.86904921382666,Bhoomi Rashi official notification location data
BR-MO/2017/36167,GEOCODE_FAILED,10,0,,,
BR-MO/2017/36172,GEOCODE_FAILED,10,0,,,
BR-MO/2017/37174,GEOCODE_FAILED,10,0,,,
BR-MO/2017/37178,GEOCODE_FAILED,10,0,,,
BR-MO/2017/38180,GEOCODE_FAILED,10,0,,,
BR-MO/2017/40216,GEOCODE_FAILED,10,0,,,
BR-MO/2017/40218,GEOCODE_FAILED,10,0,,,
BR-MO/2017/40238,GEOCODE_FAILED,10,0,,,
BR-MO/2017/40239,NO_OFFICIAL_LOCATION,0,0,,,
BR-MO/2017/40240,GEOCODE_FAILED,10,0,,,
BR-MO/2017/40241,DRY_RUN_RESOLVED,7,2,9.934174075048219,78.0873616039753,Bhoomi Rashi official notification location data
BR-MO/2017/40243,GEOCODE_FAILED,5,0,,,
BR-MO/2017/40245,GEOCODE_FAILED,10,0,,,
BR-MO/2017/42271,DRY_RUN_RESOLVED,7,2,24.663094004098532,71.84470653533936,Bhoomi Rashi official notification location data
BR-MO/2017/22059,GEOCODE_FAILED,1,0,,,
BR-MO/2017/24065,GEOCODE_FAILED,10,0,,,
BR-MO/2017/26080,NO_OFFICIAL_LOCATION,0,0,,,
BR-MO/2017/28082,DRY_RUN_RESOLVED,6,2,19.779467305650098,82.8500104509294,Bhoomi Rashi official notification location data
BR-MO/2017/30088,DRY_RUN_RESOLVED,9,1,20.852638981126542,82.89304163306952,Bhoomi Rashi official notification location data
BR-MO/2017/30090,DRY_RUN_RESOLVED,6,1,21.1885735990453,83.86904921382666,Bhoomi Rashi official notification location data
BR-MO/2017/36167,DRY_RUN_RESOLVED,9,3,28.449591288133195,75.5311381816864,Bhoomi Rashi official notification location data
BR-MO/2017/36172,DRY_RUN_RESOLVED,7,5,25.35827456485917,75.87757703661919,Bhoomi Rashi official notification location data
BR-MO/2017/37174,GEOCODE_FAILED,1,0,,,
BR-MO/2017/37178,DRY_RUN_RESOLVED,10,2,27.422219269582072,76.27594096586108,Bhoomi Rashi official notification location data
BR-MO/2017/38180,GEOCODE_FAILED,3,0,,,
BR-MO/2017/40216,DRY_RUN_RESOLVED,8,2,25.768917930120157,71.40382094308734,Bhoomi Rashi official notification location data
BR-MO/2017/40218,DRY_RUN_RESOLVED,10,7,28.091939933827064,75.29393766367977,Bhoomi Rashi official notification location data
BR-MO/2017/40238,DRY_RUN_RESOLVED,10,2,21.804610616532983,84.1544506062329,Bhoomi Rashi official notification location data
BR-MO/2017/40239,NO_OFFICIAL_LOCATION,0,0,,,
BR-MO/2017/40240,DRY_RUN_RESOLVED,7,3,10.864318176216281,79.1070044785738,Bhoomi Rashi official notification location data
BR-MO/2017/40241,DRY_RUN_RESOLVED,7,2,9.934174075048219,78.0873616039753,Bhoomi Rashi official notification location data
BR-MO/2017/40243,GEOCODE_FAILED,5,0,,,
BR-MO/2017/40245,GEOCODE_FAILED,1,0,,,
BR-MO/2017/42271,DRY_RUN_RESOLVED,7,2,24.663094004098532,71.84470653533936,Bhoomi Rashi official notification location data
