project_id,status,source_url,extracted_locations,resolved_locations,latitude,longitude,detail
BR-MO/2017/22059,GEOCODING_FAILED,https://bhoomirashi.gov.in/auth/revamp/prep_public.cshtml?nid=1&project_id=22059,1,0,,,
BR-MO/2017/24065,GEOCODING_FAILED,https://bhoomirashi.gov.in/auth/revamp/prep_public.cshtml?nid=1&project_id=24065,1,0,,,
BR-MO/2017/26080,NO_LOCATION_DATA,https://bhoomirashi.gov.in/auth/revamp/prep_public.cshtml?nid=1&project_id=26080,0,0,,,
BR-MO/2017/28082,GEOCODING_FAILED,https://bhoomirashi.gov.in/auth/revamp/prep_public.cshtml?nid=1&project_id=28082,1,0,,,
BR-MO/2017/30088,GEOCODING_FAILED,https://bhoomirashi.gov.in/auth/revamp/prep_public.cshtml?nid=1&project_id=30088,1,0,,,
BR-MO/2017/30090,GEOCODING_FAILED,https://bhoomirashi.gov.in/auth/revamp/prep_public.cshtml?nid=1&project_id=30090,1,0,,,
BR-MO/2017/36167,GEOCODING_FAILED,https://bhoomirashi.gov.in/auth/revamp/prep_public.cshtml?nid=1&project_id=36167,1,0,,,
BR-MO/2017/36172,GEOCODING_FAILED,https://bhoomirashi.gov.in/auth/revamp/prep_public.cshtml?nid=1&project_id=36172,1,0,,,
BR-MO/2017/37174,GEOCODING_FAILED,https://bhoomirashi.gov.in/auth/revamp/prep_public.cshtml?nid=1&project_id=37174,1,0,,,
BR-MO/2017/37178,GEOCODING_FAILED,https://bhoomirashi.gov.in/auth/revamp/prep_public.cshtml?nid=1&project_id=37178,1,0,,,
BR-MO/2017/38180,GEOCODING_FAILED,https://bhoomirashi.gov.in/auth/revamp/prep_public.cshtml?nid=1&project_id=38180,1,0,,,
BR-MO/2017/40216,GEOCODING_FAILED,https://bhoomirashi.gov.in/auth/revamp/prep_public.cshtml?nid=1&project_id=40216,1,0,,,
BR-MO/2017/40218,GEOCODING_FAILED,https://bhoomirashi.gov.in/auth/revamp/prep_public.cshtml?nid=1&project_id=40218,1,0,,,
BR-MO/2017/40238,GEOCODING_FAILED,https://bhoomirashi.gov.in/auth/revamp/prep_public.cshtml?nid=1&project_id=40238,1,0,,,
BR-MO/2017/40239,NO_LOCATION_DATA,https://bhoomirashi.gov.in/auth/revamp/prep_public.cshtml?nid=1&project_id=40239,0,0,,,
BR-MO/2017/40240,GEOCODING_FAILED,https://bhoomirashi.gov.in/auth/revamp/prep_public.cshtml?nid=1&project_id=40240,1,0,,,
BR-MO/2017/40241,GEOCODING_FAILED,https://bhoomirashi.gov.in/auth/revamp/prep_public.cshtml?nid=1&project_id=40241,1,0,,,
BR-MO/2017/40243,GEOCODING_FAILED,https://bhoomirashi.gov.in/auth/revamp/prep_public.cshtml?nid=1&project_id=40243,1,0,,,
BR-MO/2017/40245,GEOCODING_FAILED,https://bhoomirashi.gov.in/auth/revamp/prep_public.cshtml?nid=1&project_id=40245,1,0,,,
BR-MO/2017/42271,GEOCODING_FAILED,https://bhoomirashi.gov.in/auth/revamp/prep_public.cshtml?nid=1&project_id=42271,1,0,,,
